TM-Align | TM-SCORE,1fyx,1o77,5wy8,1fyw,1t3g,1fyv,6u6u,2z7x,2z81,2z82
1fyx,1.0,0.91997,0.16911,0.99637,0.71477,0.77188,0.25897,0.1526,0.15153,0.15185
1o77,0.89566,1.0,0.16421,0.89462,0.72704,0.79382,0.2614,0.1529,0.15038,0.14933
5wy8,0.29895,0.30338,1.0,0.30184,0.29052,0.27913,0.76624,0.21306,0.22881,0.23039
1fyw,0.97583,0.90068,0.16756,1.0,0.70606,0.76106,0.23894,0.15019,0.15001,0.14885
1t3g,0.72309,0.75341,0.16537,0.72696,1.0,0.6761,0.2454,0.16037,0.15932,0.16358
1fyv,0.83972,0.88733,0.16789,0.8439,0.72257,1.0,0.26287,0.16342,0.16208,0.15611
6u6u,0.3203,0.32756,0.49007,0.28923,0.29308,0.30348,1.0,0.15431,0.15661,0.14862
2z7x,0.36954,0.3885,0.28554,0.3719,0.41831,0.37927,0.29948,1.0,0.96196,0.95892
2z81,0.36916,0.38239,0.30512,0.36474,0.41841,0.37474,0.3012,0.96196,1.0,0.99756
2z82,0.37123,0.37558,0.3079,0.38757,0.41851,0.35206,0.28213,0.95892,0.99756,1.0
